date,AAPL,AMD,CRM,FB,IBM,INTL,MMM,MSFT,MSI,NVDA,ORCL,QCOM,SAP,SYMC,TDC,VMW
2018-04-02,166.67999267578125,9.529999732971191,115.30000305175781,155.38999938964844,150.07000732421875,42.630001068115234,212.6199951171875,88.5199966430664,104.5199966430664,221.0500030517578,45.0099983215332,53.810001373291016,103.29000091552734,25.200000762939453,39.150001525878906,120.4800033569336
2018-04-03,168.38999938964844,9.550000190734863,116.48999786376953,156.11000061035156,149.85000610351562,43.09000015258789,216.3300018310547,89.70999908447266,104.93000030517578,225.35000610351562,44.88999938964844,54.779998779296875,103.66999816894531,25.68000030517578,39.58000183105469,119.87000274658203
2018-04-04,171.61000061035156,9.770000457763672,119.4800033569336,155.10000610351562,154.1199951171875,43.56999969482422,217.55999755859375,92.33000183105469,106.06999969482422,226.24000549316406,45.5099983215332,54.9900016784668,104.47000122070312,26.100000381469727,39.849998474121094,121.83000183105469
2018-04-05,172.8000030517578,10.020000457763672,119.04000091552734,159.33999633789062,154.02999877929688,43.54999923706055,218.6699981689453,92.37999725341797,106.69000244140625,221.3800048828125,45.959999084472656,55.040000915527344,105.44000244140625,26.149999618530273,39.91999816894531,121.80999755859375
2018-04-06,168.3800048828125,9.609999656677246,116.0999984741211,157.1999969482422,150.57000732421875,42.369998931884766,212.25,90.2300033569336,103.9800033569336,214.25,44.83000183105469,53.119998931884766,105.36000061035156,26.0,39.369998931884766,118.6500015258789
2018-04-09,170.0500030517578,9.529999732971191,117.19000244140625,157.92999267578125,152.69000244140625,42.4900016784668,212.80999755859375,90.7699966430664,104.70999908447266,215.41000366210938,44.900001525878906,53.43000030517578,107.16999816894531,25.979999542236328,39.2599983215332,120.47000122070312
2018-04-10,173.25,9.979999542236328,119.48999786376953,165.0399932861328,155.38999938964844,43.29999923706055,216.97999572753906,92.87999725341797,107.55000305175781,227.91000366210938,45.81999969482422,54.77000045776367,107.73999786376953,26.450000762939453,39.91999816894531,121.75
2018-04-11,172.44000244140625,9.819999694824219,119.16000366210938,166.32000732421875,155.36000061035156,43.56999969482422,214.3300018310547,91.86000061035156,107.62999725341797,226.24000549316406,45.61000061035156,55.0099983215332,106.97000122070312,26.829999923706055,40.09000015258789,121.48999786376953
2018-04-12,174.13999938964844,10.079999923706055,121.4000015258789,163.8699951171875,158.07000732421875,43.7400016784668,216.4199981689453,93.58000183105469,108.33000183105469,234.60000610351562,45.880001068115234,55.20000076293945,107.91000366210938,27.600000381469727,40.459999084472656,122.1500015258789
2018-04-13,174.72999572753906,9.930000305175781,119.01000213623047,164.52000427246094,156.7100067138672,44.0099983215332,215.52000427246094,93.08000183105469,107.69000244140625,231.5,46.08000183105469,55.72999954223633,108.12999725341797,27.520000457763672,40.06999969482422,121.33999633789062
2018-04-16,175.82000732421875,10.09000015258789,119.41000366210938,164.8300018310547,157.88999938964844,44.06999969482422,217.6999969482422,94.16999816894531,108.91999816894531,231.49000549316406,46.04999923706055,54.77000045776367,107.94999694824219,27.75,40.90999984741211,127.76000213623047
2018-04-17,178.24000549316406,10.520000457763672,123.3499984741211,168.66000366210938,160.91000366210938,44.619998931884766,220.08999633789062,96.06999969482422,110.6500015258789,237.5399932861328,46.65999984741211,55.349998474121094,109.44000244140625,27.920000076293945,41.5099983215332,131.8800048828125
2018-04-18,177.83999633789062,10.359999656677246,124.45999908447266,166.36000061035156,148.7899932861328,45.34000015258789,219.52000427246094,96.44000244140625,111.41999816894531,236.3699951171875,47.08000183105469,55.22999954223633,109.01000213623047,27.90999984741211,41.599998474121094,137.5399932861328
2018-04-19,172.8000030517578,10.109999656677246,124.05999755859375,168.10000610351562,147.6999969482422,45.709999084472656,218.85000610351562,96.11000061035156,110.70999908447266,229.0399932861328,46.81999969482422,52.56999969482422,107.87000274658203,27.850000381469727,41.40999984741211,135.58999633789062
2018-04-20,165.72000122070312,9.989999771118164,122.81999969482422,166.27999877929688,144.89999389648438,45.72999954223633,217.75,95.0,110.56999969482422,228.7100067138672,46.22999954223633,51.439998626708984,106.0,27.709999084472656,40.93000030517578,136.0500030517578
2018-04-23,165.24000549316406,10.039999961853027,121.88999938964844,165.83999633789062,145.86000061035156,45.56999969482422,215.8800048828125,95.3499984741211,109.81999969482422,223.8800048828125,45.79999923706055,50.529998779296875,105.9800033569336,27.760000228881836,40.61000061035156,135.02000427246094
2018-04-24,162.94000244140625,10.09000015258789,117.87999725341797,159.69000244140625,145.55999755859375,45.540000915527344,201.1300048828125,93.12000274658203,109.63999938964844,221.1999969482422,45.529998779296875,49.939998626708984,108.5,27.690000534057617,40.25,133.9600067138672
2018-04-25,163.64999389648438,9.710000038146973,117.31999969482422,159.69000244140625,145.94000244140625,45.43000030517578,198.83999633789062,92.30999755859375,109.41999816894531,216.66000366210938,45.75,49.75,108.88999938964844,28.479999542236328,40.130001068115234,131.6199951171875
2018-04-26,164.22000122070312,11.039999961853027,120.83000183105469,174.16000366210938,146.72000122070312,45.029998779296875,197.08999633789062,94.26000213623047,109.83000183105469,225.22000122070312,45.959999084472656,50.470001220703125,109.87999725341797,28.639999389648438,40.7599983215332,132.41000366210938
2018-04-27,162.32000732421875,11.109999656677246,120.22000122070312,173.58999633789062,146.47999572753906,45.16999816894531,196.1199951171875,95.81999969482422,110.1500015258789,226.3300018310547,45.529998779296875,51.11000061035156,111.3499984741211,27.799999237060547,40.93000030517578,133.0500030517578
2018-04-30,165.25999450683594,10.880000114440918,120.98999786376953,172.0,144.9600067138672,44.81999969482422,194.38999938964844,93.5199966430664,109.83000183105469,224.89999389648438,45.66999816894531,51.0099983215332,110.83000183105469,27.790000915527344,40.91999816894531,133.25999450683594
2018-05-01,169.10000610351562,11.130000114440918,123.11000061035156,173.86000061035156,145.0,45.20000076293945,195.02000427246094,95.0,108.4800033569336,227.13999938964844,45.95000076293945,50.81999969482422,111.72000122070312,27.670000076293945,41.0,133.22000122070312
2018-05-02,176.57000732421875,10.970000267028809,122.81999969482422,176.07000732421875,142.4499969482422,45.849998474121094,194.5,93.51000213623047,107.62999725341797,226.30999755859375,45.5099983215332,50.2599983215332,111.9800033569336,27.920000076293945,40.810001373291016,132.49000549316406
2018-05-03,176.88999938964844,10.930000305175781,124.41000366210938,174.02000427246094,141.99000549316406,44.939998626708984,195.67999267578125,94.06999969482422,107.69000244140625,232.99000549316406,45.060001373291016,50.310001373291016,113.13999938964844,27.729999542236328,40.0,132.8699951171875
2018-05-04,183.8300018310547,11.279999732971191,125.12000274658203,176.61000061035156,143.91000366210938,45.349998474121094,199.36000061035156,95.16000366210938,108.02999877929688,239.05999755859375,45.709999084472656,52.4900016784668,114.0199966430664,27.84000015258789,38.060001373291016,134.35000610351562
2018-05-07,185.16000366210938,11.59000015258789,126.97000122070312,177.97000122070312,143.22000122070312,45.970001220703125,200.25999450683594,96.22000122070312,107.30999755859375,248.67999267578125,46.06999969482422,53.0099983215332,113.98999786376953,28.440000534057617,38.459999084472656,135.82000732421875
2018-05-08,186.0500030517578,11.609999656677246,128.75,178.9199981689453,143.0,46.38999938964844,201.74000549316406,95.80999755859375,107.83999633789062,250.39999389648438,45.939998626708984,52.86000061035156,114.80000305175781,28.600000381469727,39.25,136.5
2018-05-09,187.36000061035156,11.949999809265137,129.72999572753906,182.66000366210938,142.61000061035156,46.880001068115234,203.4199981689453,96.94000244140625,105.77999877929688,255.77999877929688,46.58000183105469,53.16999816894531,115.06999969482422,28.75,39.47999954223633,138.57000732421875
2018-05-10,190.0399932861328,12.130000114440918,130.6199951171875,185.52999877929688,144.24000549316406,47.08000183105469,205.02999877929688,97.91000366210938,108.75,260.1300048828125,46.93000030517578,54.970001220703125,116.45999908447266,29.18000030517578,39.59000015258789,143.89999389648438
2018-05-11,188.58999633789062,11.949999809265137,130.6300048828125,186.99000549316406,144.13999938964844,46.790000915527344,205.16000366210938,97.69999694824219,108.37000274658203,254.52999877929688,46.81999969482422,55.22999954223633,116.18000030517578,19.520000457763672,39.47999954223633,144.0399932861328
2018-05-14,188.14999389648438,12.229999542236328,127.69000244140625,186.63999938964844,144.3000030517578,46.119998931884766,205.75999450683594,98.02999877929688,107.37999725341797,255.36000061035156,46.81999969482422,56.7400016784668,115.19000244140625,21.399999618530273,37.9900016784668,141.25
2018-05-15,186.44000244140625,12.449999809265137,128.1300048828125,184.32000732421875,143.74000549316406,46.2400016784668,202.41000366210938,97.31999969482422,107.9800033569336,245.55999755859375,46.810001373291016,55.63999938964844,113.63999938964844,22.329999923706055,38.0,141.10000610351562
2018-05-16,188.17999267578125,12.819999694824219,128.77000427246094,183.1999969482422,144.6300048828125,46.34000015258789,200.2100067138672,97.1500015258789,107.30000305175781,246.00999450683594,46.72999954223633,56.70000076293945,114.16000366210938,22.350000381469727,38.02000045776367,138.5800018310547
2018-05-17,186.99000549316406,12.819999694824219,126.05000305175781,183.75999450683594,144.5,46.400001525878906,200.36000061035156,96.18000030517578,106.25,247.7100067138672,46.540000915527344,56.95000076293945,114.55000305175781,22.31999969482422,38.86000061035156,137.50999450683594
2018-05-18,186.30999755859375,13.0,126.95999908447266,182.67999267578125,144.0800018310547,46.97999954223633,198.9600067138672,96.36000061035156,106.41000366210938,245.94000244140625,46.31999969482422,57.5099983215332,113.23999786376953,22.190000534057617,38.689998626708984,138.99000549316406
2018-05-21,187.6300048828125,12.989999771118164,126.37000274658203,184.49000549316406,145.49000549316406,48.150001525878906,201.75999450683594,97.5999984741211,108.37999725341797,244.24000549316406,47.209999084472656,57.709999084472656,113.72000122070312,21.59000015258789,38.4900016784668,138.69000244140625
2018-05-22,187.16000366210938,12.979999542236328,125.44000244140625,183.8000030517578,145.08999633789062,48.20000076293945,198.97000122070312,97.5,109.30999755859375,242.6999969482422,46.369998931884766,57.38999938964844,113.11000061035156,21.3700008392334,38.29999923706055,136.8000030517578
2018-05-23,188.36000061035156,13.100000381469727,128.08999633789062,186.89999389648438,144.6699981689453,48.599998474121094,198.6699981689453,98.66000366210938,110.83999633789062,247.5399932861328,46.900001525878906,58.81999969482422,113.62999725341797,21.31999969482422,38.38999938964844,138.22999572753906
2018-05-24,188.14999389648438,13.40999984741211,128.74000549316406,185.92999267578125,144.07000732421875,48.56999969482422,199.41000366210938,98.30999755859375,110.86000061035156,247.69000244140625,46.459999084472656,59.08000183105469,114.02999877929688,20.989999771118164,38.79999923706055,136.77000427246094
2018-05-25,188.5800018310547,13.539999961853027,127.95999908447266,184.9199981689453,143.63999938964844,49.279998779296875,199.02999877929688,98.36000061035156,110.56999969482422,249.27999877929688,47.0,59.959999084472656,114.02999877929688,21.059999465942383,38.77000045776367,136.4499969482422
2018-05-29,187.89999389648438,13.359999656677246,126.87999725341797,185.74000549316406,141.22000122070312,48.70000076293945,195.74000549316406,98.01000213623047,109.68000030517578,248.58999633789062,46.2599983215332,58.22999954223633,110.29000091552734,21.020000457763672,38.66999816894531,136.39999389648438
2018-05-30,187.5,13.819999694824219,129.3000030517578,187.6699981689453,142.6199951171875,49.5,198.67999267578125,98.94999694824219,109.47000122070312,252.99000549316406,47.04999923706055,58.38999938964844,112.4000015258789,21.049999237060547,39.650001525878906,138.02000427246094
2018-05-31,186.8699951171875,13.729999542236328,129.3300018310547,191.77999877929688,141.30999755859375,50.0,197.22999572753906,98.83999633789062,107.33999633789062,252.19000244140625,46.720001220703125,58.119998931884766,112.79000091552734,20.780000686645508,39.869998931884766,137.47999572753906
2018-06-01,190.24000549316406,14.399999618530273,130.52000427246094,193.99000549316406,141.9499969482422,49.650001525878906,199.58999633789062,100.79000091552734,109.11000061035156,257.6199951171875,47.349998474121094,58.61000061035156,113.7300033569336,21.020000457763672,39.70000076293945,145.92999267578125
2018-06-04,191.8300018310547,14.850000381469727,132.64999389648438,193.27999877929688,143.0399932861328,50.09000015258789,201.05999755859375,101.66999816894531,109.91000366210938,264.8500061035156,47.31999969482422,58.709999084472656,114.61000061035156,21.149999618530273,40.7599983215332,142.58999633789062
2018-06-05,193.30999755859375,14.850000381469727,134.1199951171875,192.94000244140625,143.6999969482422,50.06999969482422,201.1999969482422,102.19000244140625,112.33999633789062,265.07000732421875,47.130001068115234,58.97999954223633,115.66999816894531,21.34000015258789,41.650001525878906,147.52000427246094
2018-06-06,193.97999572753906,15.670000076293945,135.5500030517578,191.33999633789062,144.7100067138672,51.61000061035156,203.86000061035156,102.48999786376953,113.58000183105469,265.1499938964844,47.75,59.84000015258789,116.88999938964844,21.540000915527344,42.630001068115234,148.97999572753906
2018-06-07,193.4600067138672,14.890000343322754,132.91000366210938,188.17999267578125,145.36000061035156,51.439998626708984,205.07000732421875,100.87999725341797,112.22000122070312,262.8999938964844,47.68000030517578,60.63999938964844,116.93000030517578,21.299999237060547,41.08000183105469,150.27000427246094
2018-06-08,191.6999969482422,15.25,133.52999877929688,189.10000610351562,146.13999938964844,51.40999984741211,206.58999633789062,101.62999725341797,112.30000305175781,262.2799987792969,48.18000030517578,60.2599983215332,118.75,21.31999969482422,40.720001220703125,149.63999938964844
2018-06-11,191.22999572753906,15.729999542236328,133.97999572753906,191.5399932861328,146.5800018310547,51.45000076293945,205.1199951171875,101.05000305175781,112.51000213623047,260.6199951171875,48.189998626708984,59.93000030517578,120.01000213623047,21.200000762939453,41.0,149.3000030517578
2018-06-12,192.27999877929688,15.850000381469727,136.25999450683594,192.39999389648438,146.8699951171875,50.810001373291016,204.9199981689453,101.30999755859375,113.27999877929688,262.5799865722656,48.45000076293945,59.790000915527344,120.19000244140625,21.43000030517578,41.0,148.27000427246094
2018-06-13,190.6999969482422,16.31999969482422,136.5,192.41000366210938,146.35000610351562,50.25,204.88999938964844,100.8499984741211,113.62999725341797,262.3999938964844,48.27000045776367,59.220001220703125,120.5,21.280000686645508,41.900001525878906,150.7899932861328
2018-06-14,190.8000030517578,16.25,138.41000366210938,196.80999755859375,145.1999969482422,51.9900016784668,203.6300048828125,101.41999816894531,113.9000015258789,266.9100036621094,45.900001525878906,59.459999084472656,121.37999725341797,21.360000610351562,42.25,150.25
2018-06-15,188.83999633789062,16.34000015258789,138.41000366210938,195.85000610351562,145.38999938964844,51.849998474121094,204.97000122070312,100.12999725341797,114.5199966430664,265.260009765625,46.279998779296875,59.86000061035156,121.18000030517578,21.260000228881836,43.2599983215332,150.4600067138672
2018-06-18,188.74000549316406,17.110000610351562,139.8000030517578,198.30999755859375,144.47999572753906,53.060001373291016,204.1699981689453,100.86000061035156,115.5,265.0899963378906,46.52000045776367,59.20000076293945,119.47000122070312,21.15999984741211,44.0,151.44000244140625
2018-06-19,185.69000244140625,16.690000534057617,139.52000427246094,197.49000549316406,143.89999389648438,52.7400016784668,199.38999938964844,100.86000061035156,115.80000305175781,260.1700134277344,46.27000045776367,58.70000076293945,118.51000213623047,20.989999771118164,43.459999084472656,151.25
2018-06-20,186.5,16.520000457763672,138.94000244140625,202.0,142.6300048828125,52.90999984741211,198.0800018310547,101.87000274658203,115.97000122070312,262.30999755859375,42.81999969482422,58.790000915527344,118.58999633789062,21.010000228881836,43.34000015258789,152.17999267578125
2018-06-21,185.4600067138672,15.649999618530273,137.8800048828125,201.5,141.25,52.38999938964844,195.52000427246094,101.13999938964844,117.05000305175781,257.1099853515625,43.099998474121094,58.75,117.94000244140625,20.799999237060547,42.68000030517578,152.02999877929688
2018-06-22,184.9199981689453,15.800000190734863,135.00999450683594,201.74000549316406,141.27999877929688,52.4900016784668,196.5,100.41000366210938,117.70999908447266,250.9499969482422,44.099998474121094,58.5,117.83000183105469,20.719999313354492,41.08000183105469,150.00999450683594
2018-06-25,182.1699981689453,15.109999656677246,133.19000244140625,196.35000610351562,138.7899932861328,51.72999954223633,195.8000030517578,98.38999938964844,116.05000305175781,239.1199951171875,44.279998779296875,57.04999923706055,116.2699966430664,20.469999313354492,39.90999984741211,145.0800018310547
2018-06-26,184.42999267578125,15.5,135.47999572753906,199.0,139.0800018310547,51.97999954223633,196.5800018310547,99.08000183105469,115.4800033569336,241.99000549316406,44.40999984741211,56.45000076293945,115.20999908447266,20.34000015258789,40.25,145.88999938964844
2018-06-27,184.16000366210938,14.970000267028809,133.22000122070312,195.83999633789062,137.47999572753906,51.189998626708984,194.9199981689453,97.54000091552734,115.41000366210938,235.72000122070312,43.45000076293945,55.16999816894531,114.83999633789062,20.1299991607666,39.54999923706055,142.3000030517578
2018-06-28,185.5,15.3100004196167,135.1199951171875,196.22999572753906,140.0399932861328,51.369998931884766,195.97000122070312,98.62999725341797,117.11000061035156,240.86000061035156,43.84000015258789,55.900001525878906,113.20999908447266,20.290000915527344,39.84000015258789,146.1199951171875
2018-06-29,185.11000061035156,14.989999771118164,136.39999389648438,194.32000732421875,139.6999969482422,51.709999084472656,196.72000122070312,98.61000061035156,116.37000274658203,236.89999389648438,44.060001373291016,56.119998931884766,115.66000366210938,20.649999618530273,40.150001525878906,146.97000122070312
2018-07-02,187.17999267578125,15.15999984741211,140.42999267578125,197.36000061035156,139.86000061035156,52.029998779296875,195.52000427246094,100.01000213623047,116.51000213623047,242.24000549316406,44.95000076293945,56.18000030517578,115.31999969482422,20.889999389648438,41.0099983215332,162.02000427246094
2018-07-03,183.9199981689453,15.0,137.83999633789062,192.72999572753906,139.57000732421875,51.9900016784668,195.8300018310547,99.05000305175781,115.9000015258789,236.83999633789062,44.720001220703125,55.33000183105469,115.18000030517578,20.809999465942383,41.0099983215332,160.3699951171875
2018-07-05,185.39999389648438,15.5,139.77000427246094,198.4499969482422,141.42999267578125,51.90999984741211,197.33999633789062,99.76000213623047,117.4800033569336,242.72999572753906,45.40999984741211,57.380001068115234,116.44999694824219,21.149999618530273,41.310001373291016,158.0500030517578
2018-07-06,187.97000122070312,16.360000610351562,141.39999389648438,203.22999572753906,142.47999572753906,51.86000061035156,197.4600067138672,101.16000366210938,118.41000366210938,247.3300018310547,46.0,57.84000015258789,117.12999725341797,21.280000686645508,41.84000015258789,157.67999267578125
2018-07-09,190.5800018310547,16.610000610351562,141.75999450683594,204.74000549316406,144.38999938964844,52.56999969482422,200.52999877929688,101.8499984741211,118.30000305175781,249.25,46.72999954223633,58.040000915527344,119.37999725341797,21.56999969482422,42.380001068115234,154.8300018310547
2018-07-10,190.35000610351562,16.549999237060547,142.4499969482422,203.5399932861328,144.7100067138672,53.09000015258789,201.47999572753906,102.12000274658203,118.63999938964844,253.25,46.9900016784668,58.369998931884766,119.66999816894531,21.40999984741211,42.279998779296875,155.5
2018-07-11,187.8800048828125,16.270000457763672,145.25,202.5399932861328,144.94000244140625,53.220001220703125,197.67999267578125,101.9800033569336,120.31999969482422,247.52999877929688,47.63999938964844,57.29999923706055,117.81999969482422,21.280000686645508,42.11000061035156,153.58999633789062
2018-07-12,191.02999877929688,16.559999465942383,148.16000366210938,206.9199981689453,146.4499969482422,53.29999923706055,199.32000732421875,104.19000244140625,120.7699966430664,251.22999572753906,48.150001525878906,58.31999969482422,119.44000244140625,21.6200008392334,43.189998626708984,155.27000427246094
2018-07-13,191.3300018310547,16.270000457763672,147.61000061035156,207.32000732421875,145.89999389648438,53.52000045776367,201.17999267578125,105.43000030517578,120.7699966430664,249.32000732421875,48.630001068115234,58.38999938964844,119.91000366210938,21.670000076293945,43.0099983215332,155.0500030517578
2018-07-16,190.91000366210938,16.579999923706055,146.9600067138672,207.22999572753906,145.4600067138672,54.279998779296875,201.11000061035156,104.91000366210938,121.3499984741211,248.1999969482422,48.459999084472656,58.349998474121094,120.56999969482422,21.549999237060547,43.0,155.24000549316406
2018-07-17,191.4499969482422,16.8700008392334,147.02000427246094,209.99000549316406,143.49000549316406,54.459999084472656,202.07000732421875,105.94999694824219,122.44999694824219,253.69000244140625,48.900001525878906,58.90999984741211,121.63999938964844,21.56999969482422,43.33000183105469,155.11000061035156
2018-07-18,190.39999389648438,16.850000381469727,147.83999633789062,209.36000061035156,144.52000427246094,55.47999954223633,202.1999969482422,105.12000274658203,123.19000244140625,251.6999969482422,48.63999938964844,58.7599983215332,121.95999908447266,21.559999465942383,43.02000045776367,153.9499969482422
2018-07-19,191.8800048828125,16.709999084472656,147.16000366210938,208.08999633789062,149.24000549316406,54.83000183105469,201.60000610351562,104.4000015258789,122.18000030517578,252.02999877929688,48.439998626708984,59.310001373291016,117.41000366210938,21.290000915527344,42.970001220703125,152.0
2018-07-20,191.44000244140625,16.5,146.8699951171875,209.94000244140625,146.35000610351562,53.20000076293945,201.9499969482422,106.2699966430664,121.68000030517578,250.88999938964844,48.52000045776367,58.61000061035156,116.4000015258789,21.200000762939453,41.36000061035156,152.25
2018-07-23,191.61000061035156,16.65999984741211,147.55999755859375,210.91000366210938,145.6999969482422,54.63999938964844,198.83999633789062,107.97000122070312,122.0199966430664,249.41000366210938,48.66999816894531,59.08000183105469,116.80999755859375,20.90999984741211,42.38999938964844,150.94000244140625
2018-07-24,193.0,16.190000534057617,146.0,214.6699981689453,146.3800048828125,54.900001525878906,200.67999267578125,107.66000366210938,121.47000122070312,248.7100067138672,48.66999816894531,58.849998474121094,117.37999725341797,20.549999237060547,40.86000061035156,149.1999969482422
2018-07-25,194.82000732421875,16.049999237060547,148.8699951171875,217.5,146.6199951171875,54.650001525878906,204.3800048828125,110.83000183105469,124.05000305175781,251.8699951171875,48.95000076293945,59.41999816894531,119.2699966430664,20.690000534057617,41.029998779296875,151.14999389648438
2018-07-26,194.2100067138672,18.350000381469727,147.57000732421875,176.25999450683594,146.7100067138672,55.27000045776367,207.9600067138672,109.62000274658203,125.1500015258789,254.83999633789062,48.869998931884766,63.58000183105469,119.69999694824219,20.600000381469727,41.099998474121094,150.77999877929688
2018-07-27,190.97999572753906,18.940000534057617,143.91000366210938,174.88999938964844,145.14999389648438,54.08000183105469,207.4199981689453,107.68000030517578,123.44999694824219,252.02000427246094,48.630001068115234,62.689998626708984,119.05000305175781,20.729999542236328,40.290000915527344,148.8000030517578
2018-07-30,189.91000366210938,19.420000076293945,138.02999877929688,171.05999755859375,145.49000549316406,53.459999084472656,205.1199951171875,105.37000274658203,120.4800033569336,244.1300048828125,47.72999954223633,62.040000915527344,116.7699966430664,20.309999465942383,37.97999954223633,144.4199981689453
2018-07-31,190.2899932861328,18.329999923706055,137.14999389648438,172.5800018310547,144.92999267578125,53.59000015258789,212.32000732421875,106.08000183105469,121.30000305175781,244.86000061035156,47.68000030517578,64.08999633789062,116.04000091552734,20.219999313354492,38.290000915527344,144.58999633789062
2018-08-01,201.5,18.479999542236328,137.67999267578125,171.64999389648438,143.5,54.43000030517578,207.0500030517578,106.27999877929688,120.9000015258789,246.47000122070312,47.349998474121094,64.3499984741211,115.94999694824219,20.43000030517578,38.0099983215332,144.5800018310547
2018-08-02,207.38999938964844,18.790000915527344,141.13999938964844,176.3699951171875,142.9600067138672,56.45000076293945,205.52999877929688,107.56999969482422,121.5199966430664,250.6199951171875,47.900001525878906,64.7699966430664,115.56999969482422,20.8799991607666,38.65999984741211,148.07000732421875
2018-08-03,207.99000549316406,18.489999771118164,141.0399932861328,177.77999877929688,147.6999969482422,55.34000015258789,207.2899932861328,108.04000091552734,117.66999816894531,252.10000610351562,48.470001220703125,65.4000015258789,115.70999908447266,19.25,38.130001068115234,149.4499969482422
2018-08-06,209.07000732421875,19.43000030517578,142.7100067138672,185.69000244140625,146.02999877929688,55.5,206.6999969482422,108.12999725341797,119.22000122070312,254.02999877929688,48.66999816894531,65.7300033569336,115.23999786376953,19.579999923706055,39.13999938964844,151.3800048828125
2018-08-07,207.11000061035156,19.559999465942383,144.44000244140625,183.80999755859375,147.00999450683594,55.36000061035156,208.57000732421875,108.87999725341797,121.0,256.95001220703125,48.47999954223633,65.44000244140625,115.58999633789062,19.440000534057617,39.709999084472656,153.05999755859375
2018-08-08,207.25,19.579999923706055,145.1699981689453,185.17999267578125,146.88999938964844,55.470001220703125,207.13999938964844,109.48999786376953,119.81999969482422,258.4200134277344,48.38999938964844,65.16000366210938,116.0199966430664,19.440000534057617,40.459999084472656,152.83999633789062
2018-08-09,208.8800048828125,19.100000381469727,145.82000732421875,183.08999633789062,144.77000427246094,55.400001525878906,204.77999877929688,109.66999816894531,121.44999694824219,256.4599914550781,48.540000915527344,65.08000183105469,115.69000244140625,19.229999542236328,40.61000061035156,153.75999450683594
2018-08-10,207.52999877929688,19.059999465942383,145.50999450683594,180.25999450683594,144.47999572753906,54.849998474121094,201.9600067138672,109.0,121.01000213623047,254.7899932861328,48.31999969482422,64.81999969482422,112.86000061035156,19.18000030517578,40.630001068115234,153.2100067138672
2018-08-13,208.8699951171875,19.729999542236328,144.4499969482422,180.0500030517578,142.7100067138672,55.099998474121094,199.83999633789062,108.20999908447266,121.3499984741211,256.1199951171875,48.0099983215332,64.83999633789062,114.0999984741211,18.809999465942383,40.599998474121094,151.94000244140625
2018-08-14,209.75,20.020000457763672,146.57000732421875,181.11000061035156,143.36000061035156,55.56999969482422,200.52000427246094,109.55999755859375,121.0,261.42999267578125,48.22999954223633,65.43000030517578,114.16999816894531,18.65999984741211,40.93000030517578,152.25
2018-08-15,210.24000549316406,19.700000762939453,145.0399932861328,179.52999877929688,143.91000366210938,54.59000015258789,201.38999938964844,107.66000366210938,120.27999877929688,259.0799865722656,47.84000015258789,65.68000030517578,113.22000122070312,18.549999237060547,40.5099983215332,152.0399932861328
2018-08-16,213.32000732421875,19.329999923706055,145.72999572753906,174.6999969482422,145.33999633789062,55.09000015258789,203.14999389648438,107.63999938964844,121.30999755859375,257.44000244140625,48.099998474121094,65.76000213623047,116.08000183105469,19.40999984741211,40.25,151.92999267578125
2018-08-17,217.5800018310547,19.770000457763672,145.02000427246094,173.8000030517578,146.05999755859375,55.279998779296875,204.77000427246094,107.58000183105469,122.98999786376953,244.82000732421875,48.36000061035156,66.05999755859375,116.9000015258789,19.459999084472656,40.59000015258789,150.8800048828125
2018-08-20,215.4600067138672,19.979999542236328,145.7100067138672,172.5,146.50999450683594,54.79999923706055,204.60000610351562,106.87000274658203,124.98999786376953,247.83999633789062,48.41999816894531,66.16000366210938,117.69999694824219,19.360000610351562,41.029998779296875,151.6199951171875
2018-08-21,215.0399932861328,20.399999618530273,145.52999877929688,172.6199951171875,145.97000122070312,55.25,205.69000244140625,105.9800033569336,124.48999786376953,253.32000732421875,48.40999984741211,66.55000305175781,117.9800033569336,19.549999237060547,40.72999954223633,151.67999267578125
2018-08-22,215.0500030517578,20.899999618530273,146.4600067138672,173.63999938964844,145.24000549316406,55.72999954223633,204.25999450683594,107.05999755859375,124.41000366210938,262.82000732421875,48.79999923706055,66.83999633789062,119.08000183105469,19.700000762939453,40.59000015258789,154.27999877929688
2018-08-23,215.49000549316406,22.290000915527344,147.8300018310547,172.89999389648438,145.3699951171875,55.939998626708984,202.75,107.55999755859375,125.08999633789062,266.8399963378906,48.959999084472656,66.86000061035156,119.29000091552734,19.6200008392334,40.400001525878906,154.77000427246094
2018-08-24,216.16000366210938,23.979999542236328,152.3000030517578,174.64999389648438,146.0399932861328,56.5,205.2899932861328,108.4000015258789,126.6500015258789,272.2200012207031,49.2599983215332,67.1500015258789,120.9000015258789,19.760000228881836,40.900001525878906,151.3699951171875
2018-08-27,217.94000244140625,25.260000228881836,151.67999267578125,177.4600067138672,146.69000244140625,56.09000015258789,208.3300018310547,109.5999984741211,127.25,275.8999938964844,49.33000183105469,67.33999633789062,122.20999908447266,20.059999465942383,41.22999954223633,150.02999877929688
2018-08-28,219.6999969482422,25.049999237060547,152.99000549316406,176.25999450683594,146.58999633789062,56.20000076293945,209.42999267578125,110.26000213623047,127.83000183105469,274.3800048828125,48.63999938964844,69.77999877929688,122.02999877929688,20.260000228881836,41.279998779296875,148.5
2018-08-29,222.97999572753906,25.200000762939453,154.8000030517578,175.89999389648438,147.5399932861328,56.04999923706055,210.4600067138672,112.0199966430664,128.72000122070312,278.489990234375,48.88999938964844,69.19999694824219,122.05000305175781,20.56999969482422,41.40999984741211,150.42999267578125
2018-08-30,225.02999877929688,24.889999389648438,152.13999938964844,177.63999938964844,145.92999267578125,56.2599983215332,210.22000122070312,111.94999694824219,127.54000091552734,277.80999755859375,48.380001068115234,68.13999938964844,121.2300033569336,20.200000762939453,41.310001373291016,154.66000366210938
2018-08-31,227.6300048828125,25.170000076293945,152.67999267578125,175.72999572753906,146.47999572753906,55.7599983215332,210.9199981689453,112.33000183105469,128.36000061035156,280.67999267578125,48.58000183105469,68.70999908447266,119.73999786376953,20.15999984741211,41.470001220703125,153.25999450683594
2018-09-04,228.36000061035156,28.059999465942383,153.2100067138672,171.16000366210938,145.67999267578125,55.959999084472656,208.60000610351562,111.70999908447266,128.1699981689453,283.70001220703125,48.58000183105469,69.9800033569336,118.37999725341797,20.040000915527344,40.9900016784668,152.77000427246094
2018-09-05,226.8699951171875,28.510000228881836,148.64999389648438,167.17999267578125,146.66000366210938,56.099998474121094,211.8300018310547,108.48999786376953,127.41999816894531,278.4200134277344,48.040000915527344,70.88999938964844,115.41000366210938,19.8799991607666,39.08000183105469,151.1199951171875
2018-09-06,223.10000610351562,27.84000015258789,148.8300018310547,162.52999877929688,146.38999938964844,54.08000183105469,212.74000549316406,108.73999786376953,127.61000061035156,272.7200012207031,47.709999084472656,70.36000061035156,115.33000183105469,19.809999465942383,38.93000030517578,153.8300018310547
2018-09-07,221.3000030517578,27.3799991607666,150.42999267578125,163.0399932861328,145.4499969482422,54.900001525878906,212.57000732421875,108.20999908447266,126.79000091552734,271.8599853515625,47.810001373291016,70.37999725341797,116.5199966430664,19.829999923706055,38.779998779296875,151.92999267578125
2018-09-10,218.3300018310547,29.889999389648438,151.32000732421875,164.17999267578125,145.64999389648438,55.97999954223633,212.92999267578125,109.37999725341797,127.12999725341797,274.7300109863281,48.86000061035156,72.31999969482422,118.26000213623047,19.889999389648438,39.029998779296875,153.7899932861328
2018-09-11,223.85000610351562,30.100000381469727,152.83999633789062,165.94000244140625,146.49000549316406,55.310001373291016,211.77999877929688,111.23999786376953,127.44000244140625,272.79998779296875,48.91999816894531,72.51000213623047,119.29000091552734,20.010000228881836,38.91999816894531,154.0399932861328
2018-09-12,221.07000732421875,32.209999084472656,155.3699951171875,162.0,146.57000732421875,53.619998931884766,206.7100067138672,111.70999908447266,125.98999786376953,268.20001220703125,49.34000015258789,71.75,121.05000305175781,20.100000381469727,39.599998474121094,154.32000732421875
2018-09-13,226.41000366210938,30.479999542236328,158.17999267578125,161.36000061035156,148.9499969482422,53.52000045776367,209.0500030517578,112.91000366210938,126.13999938964844,271.3399963378906,48.959999084472656,74.61000061035156,121.16999816894531,20.040000915527344,39.90999984741211,154.60000610351562
2018-09-14,223.83999633789062,32.720001220703125,157.49000549316406,162.32000732421875,148.3300018310547,55.06999969482422,207.8800048828125,113.37000274658203,126.76000213623047,276.42999267578125,49.25,75.08999633789062,121.4000015258789,20.030000686645508,39.86000061035156,162.64999389648438
2018-09-17,217.8800048828125,32.43000030517578,154.9199981689453,160.5800018310547,147.94000244140625,52.060001373291016,209.52999877929688,112.13999938964844,126.48999786376953,273.92999267578125,49.18000030517578,73.23999786376953,119.79000091552734,19.799999237060547,37.959999084472656,157.00999450683594
2018-09-18,218.24000549316406,31.93000030517578,156.0,160.3000030517578,148.55999755859375,51.529998779296875,211.52999877929688,113.20999908447266,126.61000061035156,271.0199890136719,49.029998779296875,74.72000122070312,120.27999877929688,20.649999618530273,38.06999969482422,153.39999389648438
2018-09-19,218.3699951171875,31.209999084472656,152.89999389648438,163.05999755859375,149.05999755859375,51.959999084472656,213.1199951171875,111.69999694824219,124.52999877929688,271.9800109863281,49.43000030517578,74.05999755859375,119.48999786376953,20.670000076293945,38.900001525878906,150.75
2018-09-20,220.02999877929688,31.18000030517578,155.5,166.02000427246094,151.14999389648438,51.54999923706055,215.27000427246094,113.56999969482422,126.08999633789062,266.2799987792969,50.43000030517578,74.5999984741211,120.12999725341797,20.700000762939453,39.310001373291016,153.0
2018-09-21,217.66000366210938,31.020000457763672,155.52000427246094,162.92999267578125,151.35000610351562,48.470001220703125,216.3300018310547,114.26000213623047,128.41000366210938,263.45001220703125,51.099998474121094,73.69999694824219,121.63999938964844,20.899999618530273,38.720001220703125,152.08999633789062
2018-09-24,220.7899932861328,32.61000061035156,158.77999877929688,165.41000366210938,150.02999877929688,48.790000915527344,213.50999450683594,114.66999816894531,128.9600067138672,265.70001220703125,51.2400016784668,73.58000183105469,122.04000091552734,21.690000534057617,38.43000030517578,153.47999572753906
2018-09-25,222.19000244140625,32.56999969482422,158.8699951171875,164.91000366210938,148.91000366210938,49.060001373291016,210.63999938964844,114.44999694824219,129.9199981689453,268.4100036621094,51.720001220703125,72.73999786376953,126.61000061035156,21.200000762939453,38.52000045776367,158.05999755859375
2018-09-26,220.4199981689453,32.189998626708984,158.3300018310547,166.9499969482422,151.61000061035156,48.83000183105469,211.07000732421875,113.9800033569336,128.74000549316406,266.9200134277344,51.630001068115234,71.76000213623047,126.16999816894531,21.030000686645508,38.33000183105469,155.83999633789062
2018-09-27,224.9499969482422,32.59000015258789,160.42999267578125,168.83999633789062,151.5,48.40999984741211,210.11000061035156,114.41000366210938,128.52999877929688,267.3999938964844,51.689998626708984,71.70999908447266,125.36000061035156,21.260000228881836,37.880001068115234,155.8300018310547
2018-09-28,225.74000549316406,30.889999389648438,159.02999877929688,164.4600067138672,151.2100067138672,48.31999969482422,210.7100067138672,114.37000274658203,130.13999938964844,281.0199890136719,51.560001373291016,72.02999877929688,123.0,21.280000686645508,37.709999084472656,156.05999755859375
2018-10-01,227.25999450683594,31.420000076293945,159.86000061035156,162.44000244140625,153.0,48.5099983215332,212.19000244140625,115.61000061035156,128.19000244140625,289.3599853515625,51.79999923706055,72.5999984741211,123.2699966430664,20.790000915527344,37.439998626708984,156.1699981689453
2018-10-02,229.27999877929688,29.020000457763672,157.25999450683594,159.3300018310547,153.75,47.68000030517578,215.7100067138672,115.1500015258789,126.87000274658203,286.4800109863281,50.22999954223633,73.3499984741211,122.20999908447266,20.559999465942383,37.36000061035156,154.52999877929688
2018-10-03,232.07000732421875,28.43000030517578,159.10000610351562,162.42999267578125,153.22000122070312,48.79999923706055,215.75999450683594,115.16999816894531,126.79000091552734,286.7300109863281,49.75,72.63999938964844,122.7699966430664,20.690000534057617,37.5,154.5800018310547
2018-10-04,227.99000549316406,27.780000686645508,154.89999389648438,158.85000610351562,151.30999755859375,48.619998931884766,213.83999633789062,112.79000091552734,125.94000244140625,279.2900085449219,49.470001220703125,72.37999725341797,122.05999755859375,20.420000076293945,37.189998626708984,155.52999877929688
2018-10-05,224.2899932861328,27.350000381469727,155.07000732421875,157.3300018310547,149.02999877929688,48.0,213.19000244140625,112.12999725341797,125.58999633789062,269.8599853515625,49.349998474121094,71.20999908447266,120.08999633789062,20.040000915527344,36.77000045776367,156.5399932861328
2018-10-08,223.77000427246094,26.459999084472656,148.64999389648438,157.25,148.38999938964844,46.58000183105469,214.3699951171875,110.8499984741211,123.5,265.7699890136719,49.36000061035156,70.93000030517578,117.33000183105469,20.34000015258789,36.040000915527344,151.00999450683594
2018-10-09,226.8699951171875,27.239999771118164,148.5,157.89999389648438,147.24000549316406,46.459999084472656,210.4199981689453,112.26000213623047,124.44999694824219,265.5400085449219,48.869998931884766,70.12999725341797,119.37999725341797,19.90999984741211,35.689998626708984,148.86000061035156
2018-10-10,216.36000061035156,25.0,137.80999755859375,151.3800048828125,142.69000244140625,45.959999084472656,202.14999389648438,106.16000366210938,120.68000030517578,245.69000244140625,47.400001525878906,66.7300033569336,113.01000213623047,19.899999618530273,34.5,143.32000732421875
2018-10-11,214.4499969482422,25.299999237060547,139.24000549316406,153.35000610351562,139.02000427246094,45.650001525878906,196.72999572753906,105.91000366210938,117.94000244140625,235.1300048828125,46.779998779296875,64.29000091552734,112.91000366210938,19.459999084472656,34.130001068115234,141.49000549316406
2018-10-12,222.11000061035156,26.34000015258789,146.74000549316406,153.74000549316406,140.85000610351562,44.790000915527344,198.22999572753906,109.56999969482422,120.23999786376953,246.5399932861328,47.380001068115234,64.29000091552734,114.52999877929688,19.59000015258789,34.9900016784668,147.74000549316406
2018-10-15,217.36000061035156,26.260000228881836,141.9499969482422,153.52000427246094,141.1300048828125,44.88999938964844,198.94000244140625,107.5999984741211,120.01000213623047,235.3800048828125,47.119998931884766,64.16999816894531,113.25,19.780000686645508,34.720001220703125,144.0399932861328
2018-10-16,222.14999389648438,28.18000030517578,147.44000244140625,158.77999877929688,145.1199951171875,46.52000045776367,202.3300018310547,111.0,123.76000213623047,245.8300018310547,48.22999954223633,66.12000274658203,117.41999816894531,20.65999984741211,35.4900016784668,148.36000061035156
2018-10-17,221.19000244140625,27.299999237060547,147.00999450683594,159.4199981689453,134.0500030517578,46.849998474121094,202.92999267578125,110.70999908447266,123.55999755859375,243.05999755859375,47.86000061035156,66.0999984741211,115.79000091552734,20.56999969482422,35.310001373291016,148.16000366210938
2018-10-18,216.02000427246094,26.6200008392334,142.83999633789062,154.9199981689453,130.5500030517578,46.15999984741211,200.3800048828125,108.5,123.8499984741211,239.52999877929688,47.380001068115234,65.1500015258789,107.01000213623047,19.969999313354492,35.45000076293945,145.61000061035156
2018-10-19,219.30999755859375,23.65999984741211,140.49000549316406,154.0500030517578,129.10000610351562,45.47999954223633,199.85000610351562,108.66000366210938,123.36000061035156,229.1699981689453,47.59000015258789,65.36000061035156,109.0199966430664,19.670000076293945,35.20000076293945,140.4600067138672
2018-10-22,220.64999389648438,25.030000686645508,142.9499969482422,154.77999877929688,130.02000427246094,45.5099983215332,201.36000061035156,109.62999725341797,123.0199966430664,231.22000122070312,47.939998626708984,66.12000274658203,108.62000274658203,19.68000030517578,35.9900016784668,146.13999938964844
2018-10-23,222.72999572753906,25.09000015258789,140.66000366210938,154.38999938964844,131.2100067138672,44.11000061035156,192.5500030517578,108.0999984741211,122.29000091552734,221.05999755859375,47.9900016784668,66.37999725341797,107.73999786376953,19.479999542236328,35.83000183105469,145.41000366210938
2018-10-24,215.08999633789062,22.790000915527344,133.25999450683594,146.0399932861328,127.20999908447266,42.06999969482422,184.5399932861328,102.31999969482422,119.58000183105469,199.41000366210938,46.7599983215332,62.619998931884766,103.37000274658203,18.579999923706055,34.63999938964844,139.50999450683594
2018-10-25,219.8000030517578,19.270000457763672,140.8000030517578,150.9499969482422,126.44999694824219,43.7599983215332,184.99000549316406,108.30000305175781,121.62000274658203,207.83999633789062,47.959999084472656,63.20000076293945,106.54000091552734,18.989999771118164,35.75,141.61000061035156
2018-10-26,216.3000030517578,17.6299991607666,135.52000427246094,145.3699951171875,124.79000091552734,44.2400016784668,184.9499969482422,106.95999908447266,119.68000030517578,198.2899932861328,47.31999969482422,62.47999954223633,105.41000366210938,18.649999618530273,35.06999969482422,138.75999450683594
2018-10-29,212.24000549316406,16.850000381469727,130.99000549316406,142.08999633789062,119.63999938964844,45.29999923706055,185.7899932861328,103.8499984741211,117.05999755859375,185.6199951171875,47.02000045776367,62.16999816894531,104.27999877929688,18.0,34.59000015258789,136.25999450683594
2018-10-30,213.3000030517578,17.200000762939453,132.1699981689453,146.22000122070312,115.4000015258789,46.56999969482422,189.80999755859375,103.7300033569336,119.23999786376953,203.0,48.56999969482422,63.18000030517578,105.58999633789062,17.68000030517578,35.40999984741211,138.63999938964844
2018-10-31,218.86000061035156,18.209999084472656,137.24000549316406,151.7899932861328,115.43000030517578,45.279998779296875,190.25999450683594,106.80999755859375,122.55999755859375,210.8300018310547,48.84000015258789,62.88999938964844,107.26000213623047,18.149999618530273,36.400001525878906,141.38999938964844
2018-11-01,222.22000122070312,20.219999313354492,139.58999633789062,151.75,116.83000183105469,46.09000015258789,192.22000122070312,105.91999816894531,123.77999877929688,218.11000061035156,48.59000015258789,63.709999084472656,106.66999816894531,18.729999542236328,36.619998931884766,144.63999938964844
2018-11-02,207.47999572753906,20.229999542236328,136.7899932861328,150.35000610351562,115.66999816894531,47.220001220703125,192.80999755859375,106.16000366210938,128.83999633789062,214.9199981689453,48.83000183105469,63.33000183105469,107.62999725341797,19.5,35.77000045776367,141.35000610351562
2018-11-05,201.58999633789062,19.899999618530273,135.44000244140625,148.67999267578125,120.05999755859375,47.2400016784668,193.25,107.51000213623047,124.02999877929688,211.77000427246094,49.02000045776367,63.470001220703125,107.62000274658203,20.020000457763672,36.220001220703125,142.94000244140625
2018-11-06,203.77000427246094,20.68000030517578,133.9499969482422,149.94000244140625,123.12000274658203,47.900001525878906,195.3000030517578,107.72000122070312,125.88999938964844,211.05999755859375,49.25,63.630001068115234,106.9000015258789,22.540000915527344,36.43000030517578,143.02000427246094
2018-11-07,209.9499969482422,21.84000015258789,141.7899932861328,151.52999877929688,124.83999633789062,49.22999954223633,201.2899932861328,111.95999908447266,128.6699981689453,213.7899932861328,50.2599983215332,63.209999084472656,109.48999786376953,22.809999465942383,38.5,149.4499969482422
2018-11-08,208.49000549316406,21.200000762939453,141.8699951171875,147.8699951171875,123.37999725341797,49.54999923706055,204.07000732421875,111.75,129.58999633789062,205.99000549316406,50.43000030517578,58.04999923706055,107.61000061035156,22.389999389648438,38.15999984741211,151.64999389648438
2018-11-09,204.47000122070312,21.030000686645508,136.9199981689453,144.9600067138672,123.54000091552734,48.59000015258789,201.10000610351562,109.56999969482422,129.64999389648438,205.6699981689453,50.61000061035156,56.720001220703125,108.30999755859375,22.25,37.65999984741211,150.82000732421875
2018-11-12,194.1699981689453,19.030000686645508,130.5,141.5500030517578,120.9000015258789,47.619998931884766,197.0399932861328,106.87000274658203,126.98999786376953,189.5399932861328,49.220001220703125,54.4900016784668,101.41999816894531,21.829999923706055,37.63999938964844,148.1300048828125
2018-11-13,192.22999572753906,19.610000610351562,132.16000366210938,142.16000366210938,120.83999633789062,46.099998474121094,198.3699951171875,106.94000244140625,126.9000015258789,199.30999755859375,49.5099983215332,54.15999984741211,103.7300033569336,21.850000381469727,37.75,150.50999450683594
2018-11-14,186.8000030517578,20.809999465942383,129.35000610351562,144.22000122070312,120.19999694824219,44.9900016784668,198.05999755859375,104.97000122070312,128.72999572753906,197.19000244140625,48.84000015258789,53.939998626708984,103.83000183105469,22.360000610351562,37.400001525878906,152.3000030517578
2018-11-15,191.41000366210938,21.489999771118164,132.49000549316406,143.85000610351562,121.44000244140625,45.959999084472656,204.91000366210938,107.27999877929688,129.38999938964844,202.38999938964844,50.630001068115234,55.38999938964844,105.4800033569336,23.31999969482422,37.84000015258789,157.72999572753906
2018-11-16,193.52999877929688,20.65999984741211,132.5500030517578,139.52999877929688,121.56999969482422,45.540000915527344,209.0,108.29000091552734,130.02000427246094,164.42999267578125,51.16999816894531,55.880001068115234,104.5999984741211,23.09000015258789,37.72999954223633,157.00999450683594
2018-11-19,185.86000061035156,19.110000610351562,121.01000213623047,131.5500030517578,120.30999755859375,43.91999816894531,205.5800018310547,104.62000274658203,126.29000091552734,144.6999969482422,49.54999923706055,54.900001525878906,101.58000183105469,22.260000228881836,35.869998931884766,153.39999389648438
2018-11-20,176.97999572753906,19.209999084472656,120.66999816894531,132.42999267578125,117.19999694824219,41.459999084472656,200.50999450683594,101.70999908447266,123.56999969482422,149.0800018310547,48.33000183105469,54.91999816894531,99.9800033569336,21.610000610351562,35.75,148.39999389648438
2018-11-21,176.77999877929688,18.729999542236328,123.58999633789062,134.82000732421875,118.56999969482422,41.220001220703125,198.69000244140625,103.11000061035156,124.11000061035156,144.7100067138672,48.619998931884766,55.27000045776367,101.51000213623047,21.520000457763672,36.02000045776367,149.58999633789062
2018-11-23,172.2899932861328,19.3799991607666,122.02999877929688,131.72999572753906,117.19000244140625,40.56999969482422,196.8000030517578,103.06999969482422,124.3499984741211,145.0,48.70000076293945,55.25,100.98999786376953,21.700000762939453,36.34000015258789,152.99000549316406
2018-11-26,174.6199951171875,20.079999923706055,126.41000366210938,136.3800048828125,119.55999755859375,39.40999984741211,199.86000061035156,106.47000122070312,127.37000274658203,153.0500030517578,48.2599983215332,55.72999954223633,102.73999786376953,22.09000015258789,36.810001373291016,153.91000366210938
2018-11-27,174.24000549316406,21.049999237060547,127.54000091552734,135.0,120.02999877929688,39.290000915527344,200.69000244140625,107.13999938964844,129.3000030517578,153.72999572753906,47.439998626708984,55.56999969482422,101.86000061035156,21.850000381469727,36.7599983215332,152.1999969482422
2018-11-28,180.94000244140625,21.34000015258789,140.63999938964844,136.75999450683594,123.0,39.29999923706055,204.33999633789062,111.12000274658203,132.07000732421875,160.07000732421875,48.189998626708984,56.650001525878906,104.91000366210938,22.5,37.90999984741211,159.75999450683594
2018-11-29,179.5500030517578,21.43000030517578,139.72000122070312,138.67999267578125,121.4800033569336,39.40999984741211,204.55999755859375,110.19000244140625,132.5800018310547,157.36000061035156,47.900001525878906,58.11000061035156,103.98999786376953,22.579999923706055,37.79999923706055,161.47999572753906
2018-11-30,178.5800018310547,21.299999237060547,142.75999450683594,140.61000061035156,124.2699966430664,38.959999084472656,207.9199981689453,110.88999938964844,131.25,163.42999267578125,48.7599983215332,58.2599983215332,103.68000030517578,22.110000610351562,37.630001068115234,167.33999633789062
2018-12-03,184.82000732421875,23.709999084472656,144.14999389648438,141.08999633789062,125.30999755859375,40.58000183105469,208.75999450683594,112.08999633789062,133.7899932861328,170.0399932861328,49.83000183105469,59.13999938964844,105.29000091552734,22.360000610351562,38.2599983215332,163.6300048828125
2018-12-04,176.69000244140625,21.1200008392334,139.24000549316406,137.92999267578125,121.5999984741211,39.650001525878906,202.1999969482422,108.5199966430664,130.0800018310547,157.11000061035156,48.75,57.72999954223633,102.91000366210938,21.959999084472656,37.58000183105469,158.52000427246094
2018-12-06,174.72000122070312,21.299999237060547,142.05999755859375,139.6300048828125,123.91000366210938,39.83000183105469,202.67999267578125,109.19000244140625,129.75999450683594,158.2899932861328,46.68000030517578,57.11000061035156,101.51000213623047,22.309999465942383,37.70000076293945,162.5
2018-12-07,168.49000549316406,19.459999084472656,135.9499969482422,137.4199981689453,119.33999633789062,39.540000915527344,198.24000549316406,104.81999969482422,127.52999877929688,147.61000061035156,46.0,55.9900016784668,100.72000122070312,21.780000686645508,36.779998779296875,159.2100067138672
2018-12-10,169.60000610351562,19.989999771118164,137.27000427246094,141.85000610351562,121.12999725341797,39.380001068115234,198.32000732421875,107.58999633789062,129.60000610351562,151.86000061035156,46.66999816894531,57.2400016784668,101.9000015258789,22.079999923706055,36.689998626708984,163.36000061035156
2018-12-11,168.6300048828125,19.979999542236328,136.7899932861328,142.0800018310547,120.88999938964844,39.650001525878906,197.4600067138672,108.58999633789062,129.4600067138672,148.19000244140625,46.459999084472656,57.349998474121094,101.55999755859375,22.280000686645508,37.34000015258789,164.5
2018-12-12,169.10000610351562,20.479999542236328,140.08999633789062,144.5,121.16000366210938,39.68000030517578,199.80999755859375,109.08000183105469,130.25,148.89999389648438,47.31999969482422,57.720001220703125,103.33999633789062,22.75,38.0,162.6199951171875
2018-12-13,170.9499969482422,19.860000610351562,141.13999938964844,145.00999450683594,120.7300033569336,37.77000045776367,202.1300048828125,109.44999694824219,129.0500030517578,148.88999938964844,47.22999954223633,58.09000015258789,103.45999908447266,22.479999542236328,37.4900016784668,161.41000366210938
2018-12-14,165.47999572753906,19.899999618530273,137.0399932861328,144.05999755859375,119.9000015258789,37.939998626708984,196.10000610351562,106.02999877929688,126.6500015258789,146.4499969482422,46.599998474121094,57.619998931884766,100.98999786376953,21.56999969482422,37.41999816894531,158.5800018310547
2018-12-17,163.94000244140625,18.829999923706055,130.8300018310547,140.19000244140625,116.0999984741211,37.560001373291016,192.82000732421875,102.88999938964844,123.23999786376953,143.5800018310547,45.72999954223633,57.0,99.62000274658203,20.649999618530273,36.68000030517578,152.92999267578125
2018-12-18,166.07000732421875,19.5,132.32000732421875,143.66000366210938,116.6500015258789,37.27000045776367,194.55999755859375,103.97000122070312,121.88999938964844,146.94000244140625,45.849998474121094,57.779998779296875,100.08000183105469,20.719999313354492,36.439998626708984,154.39999389648438
2018-12-19,160.88999938964844,18.15999984741211,131.16000366210938,133.24000549316406,116.43000030517578,36.52000045776367,189.9600067138672,103.69000244140625,119.05000305175781,138.50999450683594,46.45000076293945,56.689998626708984,100.11000061035156,20.43000030517578,36.56999969482422,156.75999450683594
2018-12-20,156.8300018310547,17.940000534057617,127.7300033569336,133.39999389648438,113.0199966430664,35.91999816894531,187.3800048828125,101.51000213623047,115.5,135.10000610351562,46.2400016784668,56.369998931884766,100.0999984741211,19.559999465942383,36.59000015258789,153.07000732421875
2018-12-21,150.72999572753906,16.93000030517578,122.91000366210938,124.94999694824219,110.94000244140625,35.380001068115234,183.75,98.2300033569336,111.7300033569336,129.57000732421875,44.0,54.849998474121094,96.13999938964844,18.440000534057617,35.88999938964844,144.99000549316406
2018-12-24,146.8300018310547,16.649999618530273,121.33000183105469,124.05999755859375,107.56999969482422,35.06999969482422,178.6199951171875,94.12999725341797,108.97000122070312,127.08000183105469,42.689998626708984,53.650001525878906,95.0,17.959999084472656,35.439998626708984,144.55999755859375
2018-12-26,157.1699981689453,17.899999618530273,130.83999633789062,134.17999267578125,111.38999938964844,36.59000015258789,186.25999450683594,100.55999755859375,112.16999816894531,133.10000610351562,44.59000015258789,55.959999084472656,98.37999725341797,18.510000228881836,36.7599983215332,152.8699951171875
2018-12-27,156.14999389648438,17.489999771118164,135.1999969482422,134.52000427246094,113.77999877929688,36.150001525878906,190.6999969482422,101.18000030517578,112.41000366210938,131.1699981689453,44.970001220703125,56.09000015258789,98.98999786376953,18.610000610351562,37.310001373291016,154.3000030517578
2018-12-28,156.22999572753906,17.81999969482422,134.67999267578125,133.1999969482422,113.02999877929688,36.400001525878906,189.3699951171875,100.38999938964844,112.25,133.64999389648438,44.81999969482422,56.810001373291016,99.19999694824219,18.559999465942383,37.439998626708984,158.3800048828125
2018-12-31,157.74000549316406,18.459999084472656,136.97000122070312,131.08999633789062,113.66999816894531,36.58000183105469,190.5399932861328,101.56999969482422,115.04000091552734,133.5,45.150001525878906,56.90999984741211,99.55000305175781,18.899999618530273,38.36000061035156,137.1300048828125
2019-01-02,157.9199981689453,18.829999923706055,135.5500030517578,135.67999267578125,115.20999908447266,36.79999923706055,190.9499969482422,101.12000274658203,114.77999877929688,136.22000122070312,45.220001220703125,57.400001525878906,99.18000030517578,18.940000534057617,37.75,136.16000366210938
2019-01-03,142.19000244140625,17.049999237060547,130.39999389648438,131.74000549316406,112.91000366210938,35.72999954223633,183.75999450683594,97.4000015258789,110.76000213623047,127.98999786376953,44.779998779296875,55.70000076293945,95.45999908447266,18.579999923706055,36.9900016784668,130.6699981689453
2019-01-04,148.25999450683594,19.0,137.9600067138672,137.9499969482422,117.31999969482422,37.56999969482422,191.32000732421875,101.93000030517578,115.55999755859375,136.19000244140625,46.709999084472656,56.599998474121094,98.73999786376953,19.360000610351562,38.40999984741211,138.91000366210938
2019-01-07,147.92999267578125,20.56999969482422,142.22000122070312,138.0500030517578,118.1500015258789,37.650001525878906,190.8800048828125,102.05999755859375,116.0999984741211,143.39999389648438,47.45000076293945,56.439998626708984,99.70999908447266,19.329999923706055,39.16999816894531,143.74000549316406
2019-01-08,150.75,20.75,145.72000122070312,142.52999877929688,119.83000183105469,37.11000061035156,191.67999267578125,102.80000305175781,119.51000213623047,139.8300018310547,47.880001068115234,55.95000076293945,101.2699966430664,19.579999923706055,39.91999816894531,146.8000030517578
2019-01-09,153.30999755859375,20.190000534057617,145.99000549316406,144.22999572753906,120.69000244140625,37.13999938964844,192.3000030517578,104.2699966430664,116.16000366210938,142.5800018310547,47.779998779296875,56.61000061035156,102.6500015258789,19.93000030517578,39.9900016784668,150.33999633789062
2019-01-10,153.8000030517578,19.739999771118164,147.0399932861328,144.1999969482422,121.79000091552734,37.150001525878906,193.60000610351562,103.5999984741211,117.55999755859375,145.22999572753906,47.81999969482422,56.79999923706055,103.33999633789062,20.06999969482422,40.040000915527344,148.8800048828125
2019-01-11,152.2899932861328,20.270000457763672,147.5500030517578,143.8000030517578,121.45999908447266,38.25,192.2100067138672,102.80000305175781,116.0,148.8300018310547,48.290000915527344,57.5,101.9800033569336,19.8799991607666,40.11000061035156,146.6999969482422
2019-01-14,150.0,20.229999542236328,146.0500030517578,145.38999938964844,120.38999938964844,37.9900016784668,192.1699981689453,102.05000305175781,115.12000274658203,150.44000244140625,48.18000030517578,57.29999923706055,101.11000061035156,19.31999969482422,40.09000015258789,144.19000244140625
2019-01-15,153.07000732421875,20.3799991607666,149.19000244140625,148.9499969482422,121.7300033569336,38.56999969482422,188.94000244140625,105.01000213623047,115.7699966430664,149.8699951171875,48.380001068115234,55.72999954223633,102.43000030517578,19.709999084472656,41.720001220703125,147.1199951171875
2019-01-16,154.94000244140625,19.729999542236328,148.5399932861328,147.5399932861328,121.62000274658203,39.529998779296875,189.47999572753906,105.37999725341797,114.55000305175781,148.83999633789062,48.060001373291016,55.27000045776367,102.25,19.739999771118164,42.86000061035156,144.1999969482422
2019-01-17,155.86000061035156,20.25,149.82000732421875,148.3000030517578,122.19000244140625,39.08000183105469,191.7100067138672,106.12000274658203,113.75,151.72000122070312,48.58000183105469,54.77000045776367,103.62999725341797,20.010000228881836,43.31999969482422,143.89999389648438
2019-01-18,156.82000732421875,20.770000457763672,152.50999450683594,150.0399932861328,123.81999969482422,38.630001068115234,195.86000061035156,107.70999908447266,115.5999984741211,156.92999267578125,49.27000045776367,55.27000045776367,105.73999786376953,20.110000610351562,43.97999954223633,147.66000366210938
2019-01-22,153.3000030517578,19.760000228881836,148.9499969482422,147.57000732421875,122.5199966430664,37.849998474121094,192.25999450683594,105.68000030517578,114.47000122070312,148.77000427246094,48.939998626708984,54.290000915527344,103.33000183105469,19.799999237060547,43.36000061035156,148.02999877929688
2019-01-23,153.9199981689453,19.799999237060547,149.75,144.3000030517578,132.88999938964844,37.400001525878906,192.2899932861328,106.70999908447266,114.45999908447266,149.2899932861328,49.2400016784668,51.77000045776367,104.0999984741211,19.780000686645508,43.59000015258789,150.77999877929688
2019-01-24,152.6999969482422,20.850000381469727,146.8699951171875,145.8300018310547,132.52999877929688,38.59000015258789,192.52000427246094,106.19999694824219,114.79000091552734,157.83999633789062,49.20000076293945,50.810001373291016,105.4000015258789,20.030000686645508,44.02000045776367,148.14999389648438
2019-01-25,157.75999450683594,21.93000030517578,149.74000549316406,149.00999450683594,133.97000122070312,38.68000030517578,195.89999389648438,107.16999816894531,116.18000030517578,160.14999389648438,49.79999923706055,51.29999923706055,106.01000213623047,20.3799991607666,44.33000183105469,149.42999267578125
2019-01-28,156.3000030517578,20.18000030517578,147.3300018310547,147.47000122070312,134.27000427246094,37.900001525878906,193.1999969482422,105.08000183105469,115.2300033569336,138.00999450683594,49.52000045776367,50.63999938964844,106.94000244140625,20.850000381469727,44.150001525878906,148.11000061035156
2019-01-29,154.67999267578125,19.25,145.17999267578125,144.19000244140625,134.3300018310547,37.5099983215332,196.9499969482422,102.94000244140625,115.72000122070312,131.60000610351562,49.61000061035156,49.400001525878906,102.69000244140625,20.420000076293945,43.959999084472656,145.22000122070312
2019-01-30,165.25,23.09000015258789,149.16000366210938,150.4199981689453,134.3800048828125,37.70000076293945,199.27000427246094,106.37999725341797,116.80999755859375,137.38999938964844,50.36000061035156,50.16999816894531,102.5199966430664,20.81999969482422,44.2599983215332,146.3800048828125
2019-01-31,166.44000244140625,24.40999984741211,151.97000122070312,166.69000244140625,134.4199981689453,38.22999954223633,200.3000030517578,104.43000030517578,116.91000366210938,143.75,50.22999954223633,49.52000045776367,103.41999816894531,21.020000457763672,44.380001068115234,151.07000732421875
2019-02-01,166.52000427246094,24.510000228881836,155.8699951171875,165.7100067138672,134.10000610351562,38.720001220703125,199.16000366210938,102.77999877929688,118.37000274658203,144.72999572753906,50.810001373291016,49.61000061035156,103.94999694824219,22.90999984741211,45.0,150.50999450683594
2019-02-04,171.25,24.1299991607666,157.72000122070312,169.25,135.19000244140625,39.2400016784668,200.2100067138672,105.73999786376953,120.05000305175781,149.17999267578125,51.029998779296875,49.689998626708984,104.20999908447266,23.020000457763672,45.86000061035156,152.91000366210938
2019-02-05,174.17999267578125,23.309999465942383,158.99000549316406,171.16000366210938,135.5500030517578,39.959999084472656,201.1199951171875,107.22000122070312,119.37999725341797,149.9499969482422,51.2400016784668,50.72999954223633,106.2699966430664,22.799999237060547,46.220001220703125,156.1999969482422
2019-02-06,174.24000549316406,23.260000228881836,158.1300048828125,170.49000549316406,136.32000732421875,39.68000030517578,202.57000732421875,106.02999877929688,120.43000030517578,153.0,51.2599983215332,51.099998474121094,105.2699966430664,22.899999618530273,46.7400016784668,157.02000427246094
2019-02-07,170.94000244140625,22.670000076293945,154.92999267578125,166.3800048828125,133.19000244140625,38.540000915527344,199.83999633789062,105.2699966430664,118.62000274658203,147.4199981689453,50.220001220703125,50.54999923706055,103.45999908447266,22.559999465942383,46.0,156.3000030517578
2019-02-08,170.41000366210938,23.049999237060547,156.6699981689453,167.3300018310547,133.7100067138672,38.83000183105469,199.82000732421875,105.66999816894531,135.3699951171875,148.1699981689453,51.029998779296875,50.290000915527344,104.02999877929688,22.65999984741211,45.86000061035156,157.7100067138672
2019-02-11,169.42999267578125,22.959999084472656,159.91000366210938,165.7899932861328,133.99000549316406,39.790000915527344,200.91000366210938,105.25,134.17999267578125,146.4499969482422,51.22999954223633,50.83000183105469,104.08999633789062,22.420000076293945,46.279998779296875,158.97000122070312
2019-02-12,170.88999938964844,22.81999969482422,162.7899932861328,165.0399932861328,136.0500030517578,38.939998626708984,206.57000732421875,106.88999938964844,137.22000122070312,151.1699981689453,51.220001220703125,51.65999984741211,104.62999725341797,23.40999984741211,46.349998474121094,165.33999633789062
2019-02-13,170.17999267578125,22.850000381469727,160.39999389648438,164.07000732421875,137.52000427246094,39.04999923706055,209.72000122070312,106.80999755859375,137.63999938964844,152.8800048828125,51.41999816894531,51.59000015258789,105.26000213623047,23.020000457763672,46.310001373291016,167.02999877929688
2019-02-14,170.8000030517578,23.1299991607666,159.47000122070312,163.9499969482422,136.47999572753906,39.5099983215332,204.92999267578125,106.9000015258789,137.19000244140625,154.52999877929688,51.47999954223633,51.56999969482422,105.94000244140625,23.059999465942383,46.06999969482422,167.97999572753906
2019-02-15,170.4199981689453,23.68000030517578,159.0500030517578,162.5,138.02999877929688,40.06999969482422,208.86000061035156,108.22000122070312,138.6300048828125,157.33999633789062,51.720001220703125,51.97999954223633,106.81999969482422,23.149999618530273,46.45000076293945,169.67999267578125
2019-02-19,170.92999267578125,23.950000762939453,160.61000061035156,162.2899932861328,138.6999969482422,42.619998931884766,208.41000366210938,108.16999816894531,138.91000366210938,156.63999938964844,52.02000045776367,52.0099983215332,106.73999786376953,22.989999771118164,46.2599983215332,170.0399932861328
2019-02-20,172.02999877929688,23.950000762939453,158.5399932861328,162.55999755859375,138.0,43.16999816894531,208.52999877929688,107.1500015258789,139.2100067138672,158.5500030517578,51.77000045776367,52.45000076293945,106.86000061035156,22.469999313354492,46.43000030517578,170.75999450683594
2019-02-21,171.05999755859375,23.920000076293945,159.6300048828125,160.0399932861328,137.83999633789062,42.13999938964844,207.77000427246094,109.41000366210938,138.38999938964844,155.77000427246094,52.11000061035156,52.349998474121094,106.9800033569336,22.34000015258789,46.5099983215332,170.7899932861328
2019-02-22,172.97000122070312,24.360000610351562,161.30999755859375,161.88999938964844,139.25,42.439998626708984,209.35000610351562,110.97000122070312,139.97999572753906,159.19000244140625,52.47999954223633,53.119998931884766,108.31999969482422,22.670000076293945,46.88999938964844,173.3800048828125
2019-02-25,174.22999572753906,24.709999084472656,161.36000061035156,164.6199951171875,139.4600067138672,43.31999969482422,210.5800018310547,111.58999633789062,141.2100067138672,158.69000244140625,52.560001373291016,52.9900016784668,107.33000183105469,22.639999389648438,46.970001220703125,174.14999389648438
2019-02-26,174.3300018310547,24.209999084472656,163.0,164.1300048828125,139.72000122070312,43.06999969482422,209.3800048828125,112.36000061035156,141.63999938964844,157.10000610351562,52.599998474121094,53.029998779296875,107.56999969482422,22.790000915527344,47.2599983215332,175.1199951171875
2019-02-27,174.8699951171875,23.479999542236328,163.1199951171875,162.80999755859375,139.1699981689453,43.66999816894531,209.02999877929688,112.16999816894531,142.99000549316406,155.41000366210938,52.380001068115234,53.040000915527344,107.01000213623047,22.649999618530273,48.34000015258789,176.00999450683594
2019-02-28,173.14999389648438,23.530000686645508,163.64999389648438,161.4499969482422,138.1300048828125,43.5,207.38999938964844,112.02999877929688,143.1199951171875,154.25999450683594,52.130001068115234,53.38999938964844,107.12999725341797,22.489999771118164,48.369998931884766,171.80999755859375
2019-03-01,174.97000122070312,23.68000030517578,164.52999877929688,162.27999877929688,139.1999969482422,44.040000915527344,207.49000549316406,112.52999877929688,143.61000061035156,156.4499969482422,52.5099983215332,54.20000076293945,108.37999725341797,22.530000686645508,49.279998779296875,178.1999969482422
2019-03-04,175.85000610351562,23.3700008392334,158.5,167.3699951171875,138.42999267578125,44.04999923706055,206.86000061035156,112.26000213623047,142.0,156.77999877929688,52.040000915527344,53.779998779296875,107.31999969482422,22.09000015258789,48.22999954223633,172.32000732421875
2019-03-05,175.52999877929688,23.5,156.97000122070312,171.25999450683594,137.8800048828125,43.56999969482422,203.83999633789062,111.69999694824219,141.60000610351562,156.52000427246094,52.36000061035156,53.939998626708984,107.97000122070312,22.139999389648438,48.29999923706055,172.69000244140625
2019-03-06,174.52000427246094,22.40999984741211,156.7899932861328,172.50999450683594,136.97999572753906,43.63999938964844,202.8000030517578,111.75,140.27999877929688,152.0500030517578,52.349998474121094,54.79999923706055,107.58999633789062,21.969999313354492,47.77000045776367,170.1199951171875
2019-03-07,172.5,22.079999923706055,155.60000610351562,169.1300048828125,135.36000061035156,42.7599983215332,199.86000061035156,110.38999938964844,139.49000549316406,149.25999450683594,52.58000183105469,54.029998779296875,106.3499984741211,21.889999389648438,47.54999923706055,169.0500030517578
2019-03-08,172.91000366210938,22.010000228881836,155.05999755859375,169.60000610351562,135.08999633789062,40.65999984741211,200.88999938964844,110.51000213623047,138.85000610351562,150.63999938964844,52.77000045776367,53.529998779296875,107.97000122070312,21.950000762939453,47.459999084472656,169.1300048828125
2019-03-11,178.89999389648438,22.959999084472656,157.64999389648438,172.07000732421875,137.7100067138672,40.150001525878906,207.10000610351562,112.83000183105469,141.4499969482422,161.13999938964844,52.65999984741211,54.349998474121094,107.72000122070312,22.3799991607666,47.900001525878906,173.3699951171875
2019-03-12,180.91000366210938,23.489999771118164,158.27999877929688,171.9199981689453,138.27999877929688,40.2400016784668,205.8000030517578,113.62000274658203,140.1999969482422,162.52000427246094,52.79999923706055,54.84000015258789,108.01000213623047,22.459999084472656,48.029998779296875,175.1300048828125
2019-03-13,181.7100067138672,23.3799991607666,159.80999755859375,173.3699951171875,138.55999755859375,42.09000015258789,206.66000366210938,114.5,141.00999450683594,168.6199951171875,53.060001373291016,55.38999938964844,108.86000061035156,22.950000762939453,48.09000015258789,176.8000030517578
2019-03-14,183.72999572753906,22.81999969482422,160.6699981689453,170.1699981689453,138.7899932861328,42.650001525878906,207.3800048828125,114.58999633789062,140.08999633789062,165.55999755859375,53.04999923706055,55.400001525878906,109.5199966430664,22.93000030517578,47.939998626708984,179.25999450683594
2019-03-15,186.1199951171875,23.290000915527344,161.50999450683594,165.97999572753906,139.42999267578125,41.31999969482422,208.0800018310547,115.91000366210938,140.63999938964844,169.80999755859375,52.939998626708984,56.599998474121094,112.48999786376953,23.020000457763672,47.939998626708984,181.55999755859375
2019-03-18,188.02000427246094,23.25,161.9499969482422,160.47000122070312,140.2100067138672,42.220001220703125,208.49000549316406,117.56999969482422,140.5,168.9499969482422,53.459999084472656,56.83000183105469,112.13999938964844,23.06999969482422,47.75,182.6699981689453
2019-03-19,186.52999877929688,26.0,163.92999267578125,161.57000732421875,140.49000549316406,41.970001220703125,209.02000427246094,117.6500015258789,140.4600067138672,175.7100067138672,54.040000915527344,56.970001220703125,113.44000244140625,23.209999084472656,48.31999969482422,183.5500030517578
2019-03-20,188.16000366210938,25.700000762939453,163.50999450683594,165.44000244140625,139.60000610351562,41.45000076293945,208.3000030517578,117.5199966430664,138.6999969482422,174.39999389648438,52.63999938964844,57.15999984741211,114.52999877929688,23.139999389648438,45.380001068115234,184.85000610351562
2019-03-21,195.08999633789062,27.889999389648438,166.9499969482422,166.0800018310547,141.44000244140625,41.02000045776367,209.61000061035156,120.22000122070312,140.63999938964844,183.94000244140625,54.040000915527344,57.77000045776367,114.43000030517578,23.59000015258789,45.869998931884766,188.24000549316406
2019-03-22,191.0500030517578,26.3700008392334,161.5,164.33999633789062,139.4499969482422,39.060001373291016,204.66000366210938,117.05000305175781,138.63999938964844,177.5,52.77000045776367,56.81999969482422,111.72000122070312,22.860000610351562,43.88999938964844,183.6999969482422
2019-03-25,188.74000549316406,25.969999313354492,160.8800048828125,166.2899932861328,139.17999267578125,39.310001373291016,203.2100067138672,117.66000366210938,138.63999938964844,173.77999877929688,52.7400016784668,56.63999938964844,111.5999984741211,22.8799991607666,43.7599983215332,180.33999633789062
2019-03-26,186.7899932861328,25.690000534057617,159.39999389648438,167.67999267578125,140.22000122070312,39.540000915527344,207.24000549316406,117.91000366210938,140.39999389648438,176.8699951171875,53.279998779296875,58.0,113.93000030517578,23.229999542236328,44.36000061035156,181.44000244140625
2019-03-27,188.47000122070312,24.889999389648438,155.1199951171875,165.8699951171875,139.24000549316406,38.959999084472656,207.16000366210938,116.7699966430664,139.3699951171875,176.5,52.810001373291016,56.90999984741211,113.55999755859375,22.84000015258789,43.790000915527344,177.0
2019-03-28,188.72000122070312,25.059999465942383,155.17999267578125,165.5500030517578,139.9199981689453,38.5,208.52999877929688,116.93000030517578,139.19000244140625,177.25,53.189998626708984,56.54999923706055,114.20999908447266,22.940000534057617,43.709999084472656,178.0
2019-03-29,189.9499969482422,25.520000457763672,158.3699951171875,166.69000244140625,141.10000610351562,38.7599983215332,207.77999877929688,117.94000244140625,140.4199981689453,179.55999755859375,53.709999084472656,57.029998779296875,115.45999908447266,22.989999771118164,43.650001525878906,180.50999450683594
2019-04-01,191.24000549316406,26.360000610351562,161.17999267578125,168.6999969482422,143.3000030517578,40.540000915527344,211.94000244140625,119.0199966430664,141.32000732421875,182.27999877929688,54.58000183105469,57.810001373291016,115.81999969482422,23.190000534057617,43.630001068115234,184.2899932861328
2019-04-02,194.02000427246094,26.75,160.50999450683594,174.1999969482422,143.0,39.97999954223633,212.1300048828125,119.19000244140625,141.6699981689453,183.0,54.150001525878906,58.09000015258789,115.80999755859375,23.149999618530273,43.75,185.0500030517578
